"slug","title","description","hero_title","hero_subtitle","category","is_published"
"logiciel-facturation-togo","Logiciel de Facturation au Togo (Lomé)","La solution de facturation préférée des entreprises au Togo. Gérez vos factures en Franc CFA simplement à Lomé et partout au Togo.","Facturez en toute simplicité au Togo","Adapté au marché togolais, Facty vous aide à gérer vos clients et vos paiements en un clin d'œil.","geo","true"
"logiciel-facturation-cote-divoire","Logiciel de Facturation en Côte d'Ivoire (Abidjan)","Optimisez la gestion de votre entreprise en Côte d'Ivoire. Facturation conforme, envoi WhatsApp et suivi des paiements à Abidjan.","Le n°1 de la facturation en Côte d'Ivoire","Rejoignez des centaines d'entrepreneurs ivoiriens qui automatisent leur gestion avec Facty.","geo","true"
"logiciel-facturation-senegal","Logiciel de Facturation au Sénégal (Dakar)","Gérez vos factures pro au Sénégal. Solution rapide pour les PME et freelances à Dakar. Conforme OHADA et simple d'utilisation.","Simplifiez votre facturation au Sénégal","Gagnez du temps sur votre administratif et concentrez-vous sur votre croissance à Dakar.","geo","true"
"logiciel-facturation-benin","Logiciel de Facturation au Bénin (Cotonou)","La meilleure application de facturation pour les entreprises au Bénin. Créez des factures professionnelles à Cotonou en quelques secondes.","Facturez comme un pro au Bénin","Une solution moderne et intuitive pour les entrepreneurs béninois.","geo","true"
"logiciel-facturation-cameroun","Logiciel de Facturation au Cameroun (Douala/Yaoundé)","Solution de facturation complète pour le Cameroun. Gérez vos devis et factures en Franc CFA à Douala, Yaoundé et partout ailleurs.","La facturation intelligente au Cameroun","Automatisez vos relances et suivez votre trésorerie en temps réel au Cameroun.","geo","true"
"logiciel-facturation-burkina-faso","Logiciel de Facturation au Burkina Faso","Gérez votre entreprise au Burkina Faso avec Facty. Facturation simple et rapide pour les PME burkinabè.","Facturez plus vite au Burkina Faso","L'outil indispensable pour les entrepreneurs du Burkina.","geo","true"
"logiciel-facturation-mali","Logiciel de Facturation au Mali (Bamako)","Simplifiez la gestion de vos factures au Mali. Idéal pour les commerçants et prestataires de services à Bamako.","Gérez vos factures facilement au Mali","Facty s'adapte aux besoins des entreprises maliennes.","geo","true"
"logiciel-facturation-gabon","Logiciel de Facturation au Gabon","La solution de facturation moderne pour le Gabon. Créez des factures pro et suivez vos paiements en Franc CFA.","Facturation pro pour les entreprises au Gabon","Gagnez en efficacité et en professionnalisme au Gabon.","geo","true"
"facturation-developpeur-freelance","Logiciel de Facturation pour Développeurs Freelance","Le meilleur outil pour les développeurs : facturation automatique, gestion de projets et suivi des paiements par carte ou virement.","Facturez vos lignes de code en 30s","Un outil pensé par des techs pour des techs. Simple, propre, efficace.","profession","true"
"facturation-graphiste-designer","Logiciel de Facturation pour Graphistes et Designers","Créez des factures aussi belles que vos créations. Facty aide les designers à gérer leurs devis et factures avec élégance.","La facturation au service du design","Présentez des factures pro qui reflètent votre talent créatif.","profession","true"
"facturation-consultant","Logiciel de Facturation pour Consultants","Gérez vos missions de conseil en toute sérénité. Suivi du temps, facturation récurrente et relances automatiques.","L'outil de facturation des consultants experts","Professionnalisez votre activité de conseil avec Facty.","profession","true"
"facturation-architecte","Logiciel de Facturation pour Architectes","Gérez vos honoraires et vos situations de travaux simplement. Un outil adapté aux besoins spécifiques des cabinets d'architecture.","Simplifiez la gestion de vos projets d'architecture","De l'esquisse à la réception, gérez votre facturation sans stress.","profession","true"
"facturation-avocat","Logiciel de Facturation pour Avocats et Juristes","Facturation sécurisée et conforme pour les professions juridiques. Gérez vos dossiers et vos honoraires en toute confidentialité.","La facturation rigoureuse pour les avocats","Gagnez du temps sur votre administratif pour vous concentrer sur vos dossiers.","profession","true"
"facturation-agence-marketing","Logiciel de Facturation pour Agences Marketing","Gérez vos clients récurrents et vos forfaits mensuels. Automatisez votre facturation et suivez votre rentabilité.","Boostez la rentabilité de votre agence","Automatisez vos factures mensuelles et ne manquez plus aucun paiement.","profession","true"
"facturation-artisan","Logiciel de Facturation pour Artisans et BTP","Créez vos devis et factures sur le chantier depuis votre mobile. Simple, rapide et robuste pour tous les corps de métier.","La facturation qui vous suit sur le chantier","Transformez vos devis en factures en un clic, même en déplacement.","profession","true"
"facturation-photographe","Logiciel de Facturation pour Photographes","Gérez vos shootings et vos cessions de droits. Un outil simple pour les photographes indépendants et studios.","Capturez vos paiements plus rapidement","Gérez votre activité photo avec un outil intuitif et moderne.","profession","true"
"facturation-coach-formateur","Logiciel de Facturation pour Coachs et Formateurs","Facturez vos séances de coaching et vos formations. Gérez vos inscriptions et vos paiements en ligne simplement.","Simplifiez la gestion de vos formations","Concentrez-vous sur la transmission, Facty s'occupe de vos factures.","profession","true"
"facturation-e-commerce","Logiciel de Facturation pour E-commerce","Générez des factures automatiques pour vos ventes en ligne. Intégration facile et gestion des stocks simplifiée.","Automatisez la facturation de votre boutique","Vendez, Facty s'occupe de générer les factures pour vos clients.","profession","true"
"facture-whatsapp","Envoyer vos Factures par WhatsApp","Unique ! Envoyez vos factures directement sur le WhatsApp de vos clients. Augmentez vos chances d'être payé rapidement.","La facturation qui passe par WhatsApp","Soyez là où sont vos clients. Envoyez vos factures en un clic sur WhatsApp.","feature","true"
"facturation-automatique-saas","Logiciel de Facturation Automatique (SaaS)","Automatisez tout votre cycle de facturation. De la création à la relance, Facty s'occupe de tout pour vous.","Passez votre facturation en pilote automatique","Gagnez des heures de travail chaque mois grâce à l'automatisation.","feature","true"
"generateur-devis-gratuit","Générateur de Devis Gratuit en Ligne","Créez des devis professionnels en quelques secondes. Transformez-les en factures dès que votre client accepte.","Créez des devis qui font vendre","Professionnalisez vos propositions commerciales avec nos modèles gratuits.","feature","true"
"suivi-paiement-client","Outil de Suivi des Paiements Clients","Ne perdez plus aucune trace de vos paiements. Visualisez en un clin d'œil qui vous doit quoi et depuis quand.","Maîtrisez votre trésorerie en temps réel","Un tableau de bord clair pour suivre tous vos encaissements.","feature","true"
"relance-facture-impayee","Automatisation des Relances de Factures Impayées","Réduisez vos délais de paiement. Facty envoie des relances automatiques et polies à vos clients en retard.","Dites adieu aux factures impayées","Laissez Facty faire le travail ingrat de relance pour vous.","feature","true"
"comment-faire-une-facture-pro","Comment faire une facture professionnelle ?","Guide complet : mentions obligatoires, structure et modèles. Apprenez à créer des factures irréprochables pour votre entreprise.","Tout savoir pour créer vos factures","Suivez notre guide et utilisez nos outils pour ne faire aucune erreur.","general","true"
"mentions-obligatoires-facture","Les mentions obligatoires sur une facture en 2026","Vérifiez la conformité de vos factures. Liste exhaustive des mentions légales pour éviter les amendes et litiges.","Vos factures sont-elles conformes ?","Découvrez la liste des mentions indispensables pour être en règle.","general","true"
"facturation-auto-entrepreneur-guide","Guide de la Facturation pour Auto-Entrepreneur","Tout ce qu'il faut savoir sur la facturation en micro-entreprise : TVA, mentions spéciales et outils recommandés.","La facturation simplifiée pour auto-entrepreneurs","Gérez votre micro-entreprise sans prise de tête avec Facty.","general","true"
"facturation-plombier","Logiciel de Facturation pour Plombiers","Créez vos devis et factures de plomberie en un instant. Idéal pour les interventions d'urgence et chantiers.","La facturation fluide pour les plombiers","Gérez vos clients et vos paiements sans fuite de temps.","profession","true"
"facturation-electricien","Logiciel de Facturation pour Électriciens","Établissez des devis électriques précis et facturez vos installations en quelques clics.","Mettez votre facturation sous tension","Un outil simple et puissant pour les professionnels de l'électricité.","profession","true"
"facturation-peintre","Logiciel de Facturation pour Peintres en Bâtiment","Gérez vos métrés et vos factures de peinture simplement. Professionnalisez vos devis pour gagner plus de chantiers.","Colorez votre gestion administrative","Facty vous aide à peindre un futur serein pour votre entreprise.","profession","true"
"facturation-chauffeur-vtc","Logiciel de Facturation pour Chauffeurs VTC et Taxis","Générez des factures conformes pour vos courses privées et entreprises. Simple et rapide sur mobile.","La facturation qui roule pour les VTC","Émettez vos factures entre deux courses en quelques secondes.","profession","true"
"facturation-restaurant","Logiciel de Facturation pour Restaurants et Cafés","Gérez vos factures fournisseurs et vos ventes simplement. Un complément idéal à votre logiciel de caisse.","Mettez de l'ordre dans vos factures resto","Une gestion simplifiée pour vous concentrer sur votre cuisine.","profession","true"
"facturation-hotel","Logiciel de Facturation pour Hôtels et Gîtes","Facturez vos nuitées et services additionnels en toute simplicité. Idéal pour les établissements indépendants.","La facturation accueillante pour l'hôtellerie","Gérez vos réservations et vos factures sans fausse note.","profession","true"
"facturation-medecin","Logiciel de Facturation pour Médecins et Cabinets Médicaux","Gérez vos honoraires et vos factures patients en toute sécurité. Un outil discret et efficace pour les praticiens.","La facturation saine pour les médecins","Simplifiez votre administratif pour mieux soigner vos patients.","profession","true"
"facturation-dentiste","Logiciel de Facturation pour Dentistes","Gérez vos actes et vos factures dentaires simplement. Un outil moderne pour les cabinets dentaires.","Redonnez le sourire à votre comptabilité","Une gestion claire et précise pour votre cabinet dentaire.","profession","true"
"facturation-immobilier","Logiciel de Facturation pour Agences Immobilières","Gérez vos commissions et vos factures de gestion locative. Un outil puissant pour les agents immobiliers.","Bâtissez une facturation solide","L'outil indispensable pour les professionnels de l'immobilier.","profession","true"
"facturation-agence-voyage","Logiciel de Facturation pour Agences de Voyage","Facturez vos forfaits touristiques et billets simplement. Gérez vos clients et vos paiements internationaux.","Faites voyager votre facturation","Un outil sans frontières pour les agences de voyage.","profession","true"
"facturation-salle-de-sport","Logiciel de Facturation pour Salles de Sport et Coachs","Gérez vos abonnements et vos séances de coaching. Automatisez vos factures mensuelles simplement.","Musclez votre gestion financière","Plus de sport, moins de paperasse avec Facty.","profession","true"
"facturation-coiffeur","Logiciel de Facturation pour Salons de Coiffure","Gérez vos prestations et vos ventes de produits. Un outil simple pour les coiffeurs indépendants et salons.","Une facturation bien coupée","Simplifiez la gestion de votre salon en quelques clics.","profession","true"
"facturation-nettoyage","Logiciel de Facturation pour Entreprises de Nettoyage","Gérez vos contrats d'entretien et vos interventions ponctuelles. Facturation rapide et suivi des paiements.","Faites place nette dans vos factures","Une gestion propre et efficace pour votre entreprise de propreté.","profession","true"
"facturation-securite","Logiciel de Facturation pour Agences de Sécurité","Gérez vos prestations de gardiennage et de surveillance. Facturation conforme et suivi rigoureux.","Sécurisez vos revenus avec Facty","Une gestion administrative robuste pour les pros de la sécurité.","profession","true"
"facturation-logistique","Logiciel de Facturation pour Logistique et Transport","Gérez vos bons de livraison et vos factures de transport. Un outil fluide pour les transporteurs.","La facturation qui livre à temps","Optimisez votre flux administratif comme votre flux logistique.","profession","true"
"logiciel-facturation-niger","Logiciel de Facturation au Niger (Niamey)","La solution de facturation moderne pour les entreprises au Niger. Gérez vos factures en Franc CFA à Niamey.","Facturez en toute confiance au Niger","Un outil adapté aux besoins des entrepreneurs nigériens.","geo","true"
"logiciel-facturation-tchad","Logiciel de Facturation au Tchad (N'Djamena)","Simplifiez la gestion de vos factures au Tchad. Idéal pour les PME et commerçants à N'Djamena.","La facturation simplifiée au Tchad","Gagnez en efficacité avec Facty au Tchad.","geo","true"
"logiciel-facturation-guinee","Logiciel de Facturation en Guinée (Conakry)","Gérez vos factures pro en Guinée. Solution rapide pour les entrepreneurs à Conakry.","Facturez comme un pro en Guinée","L'outil de gestion indispensable à Conakry.","geo","true"
"logiciel-facturation-congo-rdc","Logiciel de Facturation en RDC (Kinshasa)","La solution de facturation pour les entreprises en République Démocratique du Congo. Gérez vos factures à Kinshasa.","Simplifiez votre gestion en RDC","Facty accompagne la croissance des entreprises congolaises.","geo","true"
"logiciel-facturation-congo-brazzaville","Logiciel de Facturation au Congo-Brazzaville","Gérez vos factures pro au Congo. Solution rapide pour les PME à Brazzaville et Pointe-Noire.","Facturez plus vite au Congo","Un outil moderne pour les entrepreneurs congolais.","geo","true"
"logiciel-facturation-mauritanie","Logiciel de Facturation en Mauritanie (Nouakchott)","Simplifiez la gestion de vos factures en Mauritanie. Idéal pour les prestataires à Nouakchott.","La facturation facile en Mauritanie","Gagnez du temps sur votre administratif en Mauritanie.","geo","true"
"logiciel-facturation-madagascar","Logiciel de Facturation à Madagascar (Antananarivo)","Gérez vos factures pro à Madagascar. Solution rapide pour les entrepreneurs à Antananarivo.","Facturez comme un pro à Madagascar","L'outil de gestion moderne à Madagascar.","geo","true"
"facturation-traducteur-interprete","Logiciel de Facturation pour Traducteurs et Interprètes","Facturez vos mots, pages ou heures de traduction simplement. Gestion multi-devises pour vos clients internationaux.","La facturation sans frontières pour traducteurs","Gérez vos projets linguistiques et vos factures en un clin d'œil.","profession","true"
"facturation-redacteur-web","Logiciel de Facturation pour Rédacteurs Web et Copywriters","Le meilleur outil pour les rédacteurs : facturation au mot ou au projet, suivi des paiements et relances.","Facturez vos textes en quelques secondes","Un outil simple pour les professionnels de l'écrit.","profession","true"
"facturation-community-manager","Logiciel de Facturation pour Community Managers","Gérez vos forfaits mensuels de gestion de réseaux sociaux. Automatisez vos factures récurrentes.","La facturation sociale et efficace","Gagnez du temps sur votre gestion pour booster l'engagement de vos clients.","profession","true"
"facturation-consultant-seo","Logiciel de Facturation pour Consultants SEO","Gérez vos audits et suivis mensuels SEO. Un outil pro pour les experts du référencement.","Optimisez votre facturation comme votre SEO","Suivez vos performances financières avec la même précision que vos rankings.","profession","true"
"facturation-assistant-virtuel","Logiciel de Facturation pour Assistants Virtuels","Gérez vos heures de délégation et vos factures clients simplement. L'outil idéal pour les VA.","L'assistant de votre propre gestion","Simplifiez votre facturation pour mieux aider vos clients.","profession","true"
"facturation-evenementiel","Logiciel de Facturation pour Agences Événementielles","Gérez vos budgets d'événements, acomptes et factures finales. Un outil robuste pour les organisateurs.","Facturez vos événements sans stress","De la planification au paiement, gérez tout avec Facty.","profession","true"
"facturation-traiteur","Logiciel de Facturation pour Traiteurs","Gérez vos devis de réception et factures de services. Idéal pour les traiteurs indépendants et organisateurs de banquets.","La facturation aux petits oignons","Présentez des devis appétissants et des factures claires.","profession","true"
"facturation-fleuriste","Logiciel de Facturation pour Fleuristes","Gérez vos compositions et livraisons. Un outil simple pour les boutiques de fleurs et décorateurs floraux.","Faites fleurir votre entreprise","Une gestion administrative simple et colorée.","profession","true"
"facturation-paysagiste","Logiciel de Facturation pour Paysagistes et Jardiniers","Gérez vos contrats d'entretien et créations de jardins. Facturation sur le terrain simplifiée.","Cultivez votre rentabilité","L'outil indispensable pour les professionnels du paysage.","profession","true"
"facturation-mecanicien","Logiciel de Facturation pour Mécaniciens et Garages","Gérez vos ordres de réparation et factures de pièces. Un outil efficace pour les petits garages.","Mettez votre gestion sur les chapeaux de roues","Facturez vos réparations en un clin d'œil.","profession","true"
"facturation-auto-ecole","Logiciel de Facturation pour Auto-Écoles","Gérez vos leçons de conduite et forfaits permis. Suivi des paiements élèves simplifié.","Conduisez votre entreprise vers le succès","Une gestion administrative sans sortie de route.","profession","true"
"facturation-architecte-interieur","Logiciel de Facturation pour Architectes d'Intérieur","Gérez vos honoraires de conception et suivi de chantier. Un outil esthétique pour les créateurs d'espaces.","Structurez votre facturation avec élégance","Des factures qui reflètent votre sens du détail.","profession","true"
"facturation-decorateur","Logiciel de Facturation pour Décorateurs","Gérez vos coachings déco et achats de mobilier. Facturation simple pour les indépendants.","Décorez votre gestion administrative","Simplifiez vos factures pour libérer votre créativité.","profession","true"
"facturation-expert-comptable","Logiciel de Facturation pour Experts-Comptables","Gérez vos lettres de mission et honoraires. Un outil conforme pour les cabinets comptables.","La facturation rigoureuse des experts","Gagnez du temps sur votre propre gestion.","profession","true"
"facturation-notaire","Logiciel de Facturation pour Notaires","Gérez vos actes et émoluments simplement. Un outil sécurisé pour les études notariales.","La facturation authentique pour les notaires","Sécurité et conformité au cœur de votre gestion.","profession","true"
"facturation-veterinaire","Logiciel de Facturation pour Vétérinaires","Gérez vos consultations et ventes de médicaments. Un outil intuitif pour les cliniques vétérinaires.","Prenez soin de votre gestion comme de vos patients","Une facturation simple pour les amis des bêtes.","profession","true"
"facturation-pharmacie","Logiciel de Facturation pour Pharmacies","Gérez vos factures fournisseurs et ventes hors ordonnance. Un complément à votre logiciel métier.","La gestion saine pour votre pharmacie","Simplifiez votre administratif au quotidien.","profession","true"
"facturation-opticien","Logiciel de Facturation pour Opticiens","Gérez vos ventes de montures et verres. Facturation claire pour vos clients et mutuelles.","Une vision claire de votre facturation","Ne perdez plus de vue vos impayés.","profession","true"
"facturation-bijoutier","Logiciel de Facturation pour Bijoutiers et Joailliers","Gérez vos créations et réparations. Un outil précieux pour les artisans bijoutiers.","Éclat et précision dans votre facturation","Gérez vos métaux et pierres avec rigueur.","profession","true"
"facturation-imprimeur","Logiciel de Facturation pour Imprimeurs","Gérez vos tirages et commandes personnalisées. Facturation rapide pour les imprimeries.","Imprimez vos factures en un clic","Une gestion fluide pour vos travaux d'impression.","profession","true"
"logiciel-facture-gratuit-sans-compte","Logiciel de Facture Gratuit sans Inscription","Besoin d'une facture rapide ? Utilisez notre outil sans créer de compte. Téléchargement PDF immédiat.","Créez votre facture sans attendre","Pas d'inscription, pas de perte de temps. Juste votre facture.","general","true"
"modele-facture-auto-entrepreneur-gratuit","Modèle de Facture Auto-Entrepreneur Gratuit (PDF/Excel)","Téléchargez nos templates conformes pour micro-entreprise. Inclus : mentions exonération TVA.","Vos modèles de factures prêts à l'emploi","Utilisez nos templates ou passez à la vitesse supérieure avec Facty.","general","true"
"difference-devis-facture","Quelle est la différence entre un devis et une facture ?","Comprendre les étapes juridiques de la vente. Du devis engageant à la facture libératoire.","Devis vs Facture : le guide complet","Apprenez à utiliser chaque document au bon moment.","general","true"
"facture-proforma-definition","Qu'est-ce qu'une facture proforma ? Définition et usage","Tout savoir sur la facture proforma : utilité pour les douanes, les banques et les acomptes.","Maîtrisez la facture proforma","Un outil indispensable pour vos échanges commerciaux.","general","true"
"numerotation-facture-regles","Règles de numérotation des factures : Guide 2026","Évitez les erreurs de numérotation. Séquence chronologique, préfixes et obligations légales.","Numérotez vos factures sans erreur","Suivez les règles pour une comptabilité irréprochable.","general","true"
"facture-acompte-fonctionnement","Comment faire une facture d'acompte ?","Sécurisez vos prestations avec des acomptes. Guide de création et de déduction sur la facture finale.","Gérez vos acomptes sereinement","Améliorez votre trésorerie dès le début de vos missions.","general","true"
"tva-facturation-international","Facturation internationale et TVA : ce qu'il faut savoir","Comment facturer un client à l'étranger ? Autoliquidation, exportations et mentions spécifiques.","Facturez à l'international sans fautes","Maîtrisez les règles de TVA pour vos clients hors frontières.","general","true"
"delai-conservation-factures","Quel est le délai de conservation des factures ?","Combien de temps garder vos documents comptables ? Obligations pour les entreprises et indépendants.","Archivez vos factures intelligemment","Respectez les délais légaux de conservation.","general","true"
"logiciel-facturation-open-source","Meilleur Logiciel de Facturation Open Source vs SaaS","Comparatif des solutions de facturation. Pourquoi choisir Facty plutôt qu'un outil auto-hébergé ?","Choisissez le bon outil pour votre gestion","Simplicité, sécurité et support : les avantages du SaaS.","general","true"
"facturation-en-ligne-securite","La sécurité de vos données de facturation en ligne","Comment Facty protège vos données financières. Chiffrement, sauvegardes et conformité RGPD.","Vos factures sont en sécurité avec nous","La protection de vos données est notre priorité absolue.","general","true"
"logiciel-facturation-maroc","Logiciel de Facturation au Maroc (Casablanca/Rabat)","Gérez vos factures pro au Maroc. Solution adaptée aux entreprises marocaines à Casablanca et Rabat.","Simplifiez votre facturation au Maroc","L'outil moderne pour les entrepreneurs du Royaume.","geo","true"
"logiciel-facturation-tunisie","Logiciel de Facturation en Tunisie (Tunis)","La solution de facturation pour les PME en Tunisie. Créez des factures conformes à Tunis.","Facturez en toute simplicité en Tunisie","Gagnez en efficacité avec Facty en Tunisie.","geo","true"
"logiciel-facturation-algerie","Logiciel de Facturation en Algérie (Alger)","Gérez vos factures pro en Algérie. Solution rapide pour les entrepreneurs à Alger.","La facturation moderne en Algérie","Simplifiez votre gestion administrative en Algérie.","geo","true"
"logiciel-facturation-djibouti","Logiciel de Facturation à Djibouti","Simplifiez la gestion de vos factures à Djibouti. Idéal pour les prestataires et commerçants.","Facturez comme un pro à Djibouti","L'outil de gestion indispensable à Djibouti.","geo","true"
"logiciel-facturation-comores","Logiciel de Facturation aux Comores","La solution de facturation pour les entreprises aux Comores. Gérez vos factures simplement.","Simplifiez votre gestion aux Comores","Facty accompagne les entrepreneurs comoriens.","geo","true"
"logiciel-facturation-france","Logiciel de Facturation en France (Freelance & PME)","Solution de facturation conforme pour les entreprises françaises. Devis, factures et suivi de TVA.","La facturation simple et conforme en France","Gagnez du temps sur votre administratif français.","geo","true"
"logiciel-facturation-belgique","Logiciel de Facturation en Belgique","Gérez vos factures pro en Belgique. Solution adaptée pour les indépendants et PME belges.","Simplifiez votre gestion en Belgique","Facturez en toute sérénité avec Facty.","geo","true"
"logiciel-facturation-suisse","Logiciel de Facturation en Suisse","La solution de facturation pour les entreprises suisses. Gérez vos factures en CHF simplement.","Facturez avec précision en Suisse","L'outil moderne pour les entrepreneurs helvètes.","geo","true"
"logiciel-facturation-luxembourg","Logiciel de Facturation au Luxembourg","Gérez vos factures pro au Luxembourg. Solution rapide pour les PME luxembourgeoises.","La facturation efficace au Luxembourg","Simplifiez votre administratif au Grand-Duché.","geo","true"
"logiciel-facturation-canada-quebec","Logiciel de Facturation au Québec (Canada)","Solution de facturation pour les entrepreneurs québécois. Gestion des taxes (TPS/TVQ) simplifiée.","Facturez en toute simplicité au Québec","L'outil de gestion préféré des Québécois.","geo","true"
"facturation-multi-devises","Logiciel de Facturation Multi-Devises","Facturez vos clients dans n'importe quelle devise. Facty gère les taux de change pour vous.","Facturez le monde entier","Gérez vos transactions internationales sans prise de tête.","feature","true"
"export-comptable-facile","Export Comptable Facile (CSV/Excel)","Simplifiez la vie de votre comptable. Exportez toutes vos données de facturation en un clic.","Votre comptabilité prête en un clic","Gagnez du temps lors de vos clôtures mensuelles.","feature","true"
"personnalisation-facture-logo","Personnalisation de Facture avec votre Logo","Créez des factures à l'image de votre marque. Ajoutez votre logo, vos couleurs et vos polices.","Des factures qui vous ressemblent","Renforcez votre image de marque avec des documents pro.","feature","true"
"gestion-catalogue-produits","Gestion de Catalogue Produits et Services","Gagnez du temps en enregistrant vos prestations. Insérez vos articles en un clic dans vos factures.","Gérez vos services intelligemment","Un catalogue organisé pour une facturation plus rapide.","feature","true"
"statistiques-ventes-dashboard","Tableau de Bord et Statistiques de Ventes","Visualisez la croissance de votre entreprise. Graphiques clairs et indicateurs clés de performance.","Pilotez votre activité avec précision","Prenez les meilleures décisions grâce à vos données.","feature","true"
"facturation-mobile-app","Application de Facturation Mobile (iOS & Android)","Facturez où que vous soyez. Une interface optimisée pour smartphone et tablette.","Votre entreprise dans votre poche","Créez et envoyez vos factures même en déplacement.","feature","true"
"signature-electronique-devis","Signature Électronique des Devis en Ligne","Faites signer vos devis plus vite. Une solution légale et rapide pour valider vos contrats.","Validez vos projets instantanément","Réduisez les délais de signature avec le digital.","feature","true"
"facturation-collaborative-equipe","Facturation Collaborative en Équipe","Travaillez à plusieurs sur votre gestion. Gérez les accès et les rôles de vos collaborateurs.","Gérez votre facturation à plusieurs","Un outil pensé pour le travail en équipe.","feature","true"
"api-facturation-developpeurs","API de Facturation pour Développeurs","Intégrez Facty à vos propres outils. Une API robuste pour automatiser vos flux.","Connectez Facty à votre écosystème","L'outil de facturation programmable pour les techs.","feature","true"
"support-client-prioritaire","Support Client Réactif et Prioritaire","Une équipe à votre écoute pour vous aider. Réponse rapide et accompagnement personnalisé.","Nous sommes là pour vous aider","Un support humain pour une gestion sereine.","feature","true"
